case_id	source_database	source_record_id	source_version	source_date	download_date	source_url_or_accession
EX001	ClinGen Evidence Repository	08c0af15-2212-42d9-841c-0a5e84d6838d	1.0.0	2018-08-12	2026-08-10	https://erepo.clinicalgenome.org/evrepo/api/interpretation/08c0af15-2212-42d9-841c-0a5e84d6838d
EX002	ClinGen Evidence Repository	df6faf5a-6d96-48fd-a711-6969f8c19388	1.0.0	2025-07-18	2026-08-10	https://erepo.clinicalgenome.org/evrepo/api/interpretation/df6faf5a-6d96-48fd-a711-6969f8c19388
EX003	ClinGen Evidence Repository	9370fcab-fbf4-4a22-a254-33daee7a31c0	1.0.0	2023-03-16	2026-08-10	https://erepo.clinicalgenome.org/evrepo/api/interpretation/9370fcab-fbf4-4a22-a254-33daee7a31c0
EX004	ClinGen Evidence Repository	bd20440e-4614-4e6e-baf6-1e69c9a1d850	1.0.0	2019-12-22	2026-08-10	https://erepo.clinicalgenome.org/evrepo/api/interpretation/bd20440e-4614-4e6e-baf6-1e69c9a1d850
EX005	ClinGen Evidence Repository	bbdff8c0-4e9b-4d1f-aa34-07027c9399eb	1.0.0	2020-10-16	2026-08-10	https://erepo.clinicalgenome.org/evrepo/api/interpretation/bbdff8c0-4e9b-4d1f-aa34-07027c9399eb
EX006	ClinGen Evidence Repository	9f5f4825-ebcd-40b8-83e0-0cdfe6a937d0	2.0.0	2024-09-06	2026-08-10	https://erepo.clinicalgenome.org/evrepo/api/interpretation/9f5f4825-ebcd-40b8-83e0-0cdfe6a937d0
EX007	ClinGen Evidence Repository	ae4e41b8-65ec-4a05-80d4-aa542e0bb9bd	1.0.0	2020-07-02	2026-08-10	https://erepo.clinicalgenome.org/evrepo/api/interpretation/ae4e41b8-65ec-4a05-80d4-aa542e0bb9bd
EX008	ClinGen Evidence Repository	b1d613a1-7e11-43ff-ad0d-9e0dca6c4fbc	1.0.0	2020-04-13	2026-08-10	https://erepo.clinicalgenome.org/evrepo/api/interpretation/b1d613a1-7e11-43ff-ad0d-9e0dca6c4fbc
EX009	ClinGen Evidence Repository	2c9b39fe-5280-4908-8231-1042d91c7fac	1.0.0	2023-12-30	2026-08-10	https://erepo.clinicalgenome.org/evrepo/api/interpretation/2c9b39fe-5280-4908-8231-1042d91c7fac
EX010	ClinGen Evidence Repository	7039f3bd-2b3c-4ee5-ad2f-78223d9e2416	1.0.0	2023-12-30	2026-08-10	https://erepo.clinicalgenome.org/evrepo/api/interpretation/7039f3bd-2b3c-4ee5-ad2f-78223d9e2416
EX011	ClinGen Evidence Repository	d9c8f867-8d78-48cd-8299-827206594d17	1.0.0	2019-04-08	2026-08-10	https://erepo.clinicalgenome.org/evrepo/api/interpretation/d9c8f867-8d78-48cd-8299-827206594d17
EX012	ClinGen Evidence Repository	df824c1a-6747-41fc-9fc4-cfd843dfe25e	1.0.0	2018-12-22	2026-08-10	https://erepo.clinicalgenome.org/evrepo/api/interpretation/df824c1a-6747-41fc-9fc4-cfd843dfe25e
EX013	ClinGen Evidence Repository	6cb217d7-b360-4a26-8c17-bce833da85f1	1.0.0	2019-07-07	2026-08-10	https://erepo.clinicalgenome.org/evrepo/api/interpretation/6cb217d7-b360-4a26-8c17-bce833da85f1
EX014	ClinGen Evidence Repository	19dc340b-f7df-4865-bba3-db4b17bddcab	1.0.0	2018-12-22	2026-08-10	https://erepo.clinicalgenome.org/evrepo/api/interpretation/19dc340b-f7df-4865-bba3-db4b17bddcab
EX015	ClinGen Evidence Repository	0857614c-284a-4342-821b-887439f4d6aa	1.0.0	2019-04-07	2026-08-10	https://erepo.clinicalgenome.org/evrepo/api/interpretation/0857614c-284a-4342-821b-887439f4d6aa
EX016	ClinGen Evidence Repository	0129bef0-6e1d-4f6b-8e4e-2c05721902af	1.0.0	2018-09-28	2026-08-10	https://erepo.clinicalgenome.org/evrepo/api/interpretation/0129bef0-6e1d-4f6b-8e4e-2c05721902af
EX017	ClinGen Evidence Repository	2470a255-3083-4956-9ff7-176203d54920	1.1.0	2024-12-30	2026-08-10	https://erepo.clinicalgenome.org/evrepo/api/interpretation/2470a255-3083-4956-9ff7-176203d54920
EX018	ClinGen Evidence Repository	334b8b62-50b5-4fb6-8ee6-0934740e8038	1.0.0	2023-12-30	2026-08-10	https://erepo.clinicalgenome.org/evrepo/api/interpretation/334b8b62-50b5-4fb6-8ee6-0934740e8038
EX019	ClinGen Evidence Repository	c54336ad-7a33-4a07-895c-275c08ab017c	1.0.0	2021-01-17	2026-08-10	https://erepo.clinicalgenome.org/evrepo/api/interpretation/c54336ad-7a33-4a07-895c-275c08ab017c
EX020	ClinGen Evidence Repository	0a96804f-a9d8-44e3-aa66-b85b0dbe231d	1.0.0	2023-07-23	2026-08-10	https://erepo.clinicalgenome.org/evrepo/api/interpretation/0a96804f-a9d8-44e3-aa66-b85b0dbe231d
EX021	ClinGen Evidence Repository	5100915b-09fa-4483-8f3a-364bf4973ce1	1.0.0	2021-01-15	2026-08-10	https://erepo.clinicalgenome.org/evrepo/api/interpretation/5100915b-09fa-4483-8f3a-364bf4973ce1
EX022	ClinGen Evidence Repository	fb349172-324d-471b-a9a9-6f13ed39de6c	1.0.0	2019-09-27	2026-08-10	https://erepo.clinicalgenome.org/evrepo/api/interpretation/fb349172-324d-471b-a9a9-6f13ed39de6c
EX023	ClinGen Evidence Repository	047bef50-812a-451d-a05a-87d93f28dbe8	1.0.0	2019-03-31	2026-08-10	https://erepo.clinicalgenome.org/evrepo/api/interpretation/047bef50-812a-451d-a05a-87d93f28dbe8
EX024	ClinGen Evidence Repository	2be16bc3-2015-45e9-b854-cbb09e3aa99b	1.0.0	2019-11-10	2026-08-10	https://erepo.clinicalgenome.org/evrepo/api/interpretation/2be16bc3-2015-45e9-b854-cbb09e3aa99b
EX025	ClinGen Evidence Repository	7423861e-92c0-4dce-83b8-9333a08e982b	1.0.0	2026-06-26	2026-08-10	https://erepo.clinicalgenome.org/evrepo/api/interpretation/7423861e-92c0-4dce-83b8-9333a08e982b
EX026	ClinGen Evidence Repository	e218babf-baa5-4179-a104-b0252fef5c9c	1.0.0	2018-12-10	2026-08-10	https://erepo.clinicalgenome.org/evrepo/api/interpretation/e218babf-baa5-4179-a104-b0252fef5c9c
EX027	ClinGen Evidence Repository	e8c15621-e7e7-4110-bab8-054bbe31fd53	1.0.0	2019-07-14	2026-08-10	https://erepo.clinicalgenome.org/evrepo/api/interpretation/e8c15621-e7e7-4110-bab8-054bbe31fd53
EX028	ClinGen Evidence Repository	94580ee5-8ba5-48f3-9620-4db65b3dcd0a	1.0.0	2021-02-11	2026-08-10	https://erepo.clinicalgenome.org/evrepo/api/interpretation/94580ee5-8ba5-48f3-9620-4db65b3dcd0a
EX029	ClinGen Evidence Repository	caf04e58-0600-4563-bab9-149add060c14	1.0.0	2023-07-23	2026-08-10	https://erepo.clinicalgenome.org/evrepo/api/interpretation/caf04e58-0600-4563-bab9-149add060c14
EX030	ClinGen Evidence Repository	9a6918e9-715e-4432-9857-2279bf43050a	1.0.0	2021-02-26	2026-08-10	https://erepo.clinicalgenome.org/evrepo/api/interpretation/9a6918e9-715e-4432-9857-2279bf43050a
EX031	ClinGen Evidence Repository	5373f3dd-e147-4449-974f-e804720298ee	1.0.0	2020-04-10	2026-08-10	https://erepo.clinicalgenome.org/evrepo/api/interpretation/5373f3dd-e147-4449-974f-e804720298ee
EX032	ClinGen Evidence Repository	5a2e6217-5f4b-4a08-9226-8d4f319be6a4	1.0.0	2020-10-15	2026-08-10	https://erepo.clinicalgenome.org/evrepo/api/interpretation/5a2e6217-5f4b-4a08-9226-8d4f319be6a4
EX033	ClinGen Evidence Repository	192672cf-7c30-4845-8d37-a2ade95745fc	1.0.0	2021-01-17	2026-08-10	https://erepo.clinicalgenome.org/evrepo/api/interpretation/192672cf-7c30-4845-8d37-a2ade95745fc
EX034	ClinGen Evidence Repository	dced0f30-619d-4db7-a0e4-90e7c538b7dc	1.0.0	2021-02-13	2026-08-10	https://erepo.clinicalgenome.org/evrepo/api/interpretation/dced0f30-619d-4db7-a0e4-90e7c538b7dc
EX035	ClinGen Evidence Repository	b9a03638-2daf-4d58-b286-ce359d6fd619	1.0.0	2025-12-12	2026-08-10	https://erepo.clinicalgenome.org/evrepo/api/interpretation/b9a03638-2daf-4d58-b286-ce359d6fd619
EX036	ClinGen Evidence Repository	4022324e-5962-4deb-bbd4-a67538223b25	1.0.0	2020-09-12	2026-08-10	https://erepo.clinicalgenome.org/evrepo/api/interpretation/4022324e-5962-4deb-bbd4-a67538223b25
EX037	ClinGen Evidence Repository	349736d7-05a8-4ec0-9b30-04fa24dd5529	1.0.0	2018-08-10	2026-08-10	https://erepo.clinicalgenome.org/evrepo/api/interpretation/349736d7-05a8-4ec0-9b30-04fa24dd5529
EX038	ClinGen Evidence Repository	66eeb668-a8a7-49cb-a6cd-26afcc800972	1.0.0	2018-08-10	2026-08-10	https://erepo.clinicalgenome.org/evrepo/api/interpretation/66eeb668-a8a7-49cb-a6cd-26afcc800972
EX039	ClinGen Evidence Repository	99da71a3-d378-4933-bdf6-a67f3d1a4d71	1.0.0	2019-02-26	2026-08-10	https://erepo.clinicalgenome.org/evrepo/api/interpretation/99da71a3-d378-4933-bdf6-a67f3d1a4d71
EX040	ClinGen Evidence Repository	ef426544-d234-401a-81e4-5e2f6a9ded0a	1.0.0	2018-08-10	2026-08-10	https://erepo.clinicalgenome.org/evrepo/api/interpretation/ef426544-d234-401a-81e4-5e2f6a9ded0a
EX041	ClinGen Evidence Repository	9cca2153-6d64-4ab3-923e-39673d123cd3	1.0.0	2018-04-24	2026-08-10	https://erepo.clinicalgenome.org/evrepo/api/interpretation/9cca2153-6d64-4ab3-923e-39673d123cd3
EX042	ClinGen Evidence Repository	31e57f08-7be8-46c7-902d-8429b753f57c	1.0.0	2018-07-29	2026-08-10	https://erepo.clinicalgenome.org/evrepo/api/interpretation/31e57f08-7be8-46c7-902d-8429b753f57c
EX043	ClinGen Evidence Repository	7db6caaf-1261-40a2-b2d0-479d9d546076	1.0.0	2022-12-09	2026-08-10	https://erepo.clinicalgenome.org/evrepo/api/interpretation/7db6caaf-1261-40a2-b2d0-479d9d546076
EX044	ClinGen Evidence Repository	6c6ee0e6-2612-4b81-a2f5-c18cf85974d7	1.0.0	2020-03-27	2026-08-10	https://erepo.clinicalgenome.org/evrepo/api/interpretation/6c6ee0e6-2612-4b81-a2f5-c18cf85974d7
EX045	ClinGen Evidence Repository	ec33787a-fb20-4579-8f9c-b7414342be72	1.0.0	2021-07-25	2026-08-10	https://erepo.clinicalgenome.org/evrepo/api/interpretation/ec33787a-fb20-4579-8f9c-b7414342be72
EX046	ClinGen Evidence Repository	5eaf5d22-71c9-4189-b409-34f76d3ca843	1.0.0	2022-12-09	2026-08-10	https://erepo.clinicalgenome.org/evrepo/api/interpretation/5eaf5d22-71c9-4189-b409-34f76d3ca843
EX047	ClinGen Evidence Repository	254ed141-a219-404a-8c94-1fd2aceb8103	1.0.0	2018-08-13	2026-08-10	https://erepo.clinicalgenome.org/evrepo/api/interpretation/254ed141-a219-404a-8c94-1fd2aceb8103
EX048	ClinGen Evidence Repository	42a15d7a-4d52-4cde-a8ef-9abc9e2dcad4	1.0.0	2018-12-10	2026-08-10	https://erepo.clinicalgenome.org/evrepo/api/interpretation/42a15d7a-4d52-4cde-a8ef-9abc9e2dcad4
EX049	ClinGen Evidence Repository	f459ef35-b6d1-4155-b1aa-7bb752fd55a0	1.0.0	2018-08-10	2026-08-10	https://erepo.clinicalgenome.org/evrepo/api/interpretation/f459ef35-b6d1-4155-b1aa-7bb752fd55a0
EX050	ClinGen Evidence Repository	926ca1c3-f5e9-4f8c-af1d-8692a19f5c18	1.0.0	2020-01-26	2026-08-10	https://erepo.clinicalgenome.org/evrepo/api/interpretation/926ca1c3-f5e9-4f8c-af1d-8692a19f5c18
